Name,Age,Photo,Nationality,Value,Preferred Foot,Club
A. Abang,21,https://cdn.sofifa.org/players/4/19/228006.png,Cameroon,€425K,Right,New York Red Bulls
A. Aguilar,33,https://cdn.sofifa.org/players/4/19/177974.png,Colombia,€2.3M,Right,FC Dallas
A. Akinola,18,https://cdn.sofifa.org/players/4/19/241394.png,United States,€425K,Right,Toronto FC
A. Alvarez,33,https://cdn.sofifa.org/players/4/19/138297.png,El Salvador,€325K,Left,Houston Dynamo
A. Bedoya,31,https://cdn.sofifa.org/players/4/19/191173.png,United States,€4.8M,Right,Philadelphia Union
A. Blake,27,https://cdn.sofifa.org/players/4/19/216939.png,Jamaica,€5.5M,Right,Philadelphia Union
A. Blondell,24,https://cdn.sofifa.org/players/4/19/241874.png,Venezuela,€1.1M,Right,Vancouver Whitecaps FC
A. Bono,24,https://cdn.sofifa.org/players/4/19/226786.png,United States,€900K,Right,Toronto FC
A. Callens,26,https://cdn.sofifa.org/players/4/19/211522.png,Peru,€2.5M,Left,New York City FC
A. Carleton,18,https://cdn.sofifa.org/players/4/19/234525.png,United States,€925K,Right,Atlanta United
A. Cole,37,https://cdn.sofifa.org/players/4/19/34079.png,England,€270K,Left,LA Galaxy
A. Collin,32,https://cdn.sofifa.org/players/4/19/184664.png,France,€600K,Right,New York Red Bulls
A. Crognale,23,https://cdn.sofifa.org/players/4/19/236991.png,United States,€675K,Right,Columbus Crew SC
A. Daniels,19,https://cdn.sofifa.org/players/4/19/243215.png,Canada,€60K,Right,Toronto FC
A. Danladi,22,https://cdn.sofifa.org/players/4/19/237253.png,Ghana,€675K,Right,Minnesota United FC
A. Davies,17,https://cdn.sofifa.org/players/4/19/234396.png,Canada,€6M,Left,Vancouver Whitecaps FC
A. DeLaGarza,30,https://cdn.sofifa.org/players/4/19/190883.png,Guam,€550K,Right,Houston Dynamo
A. Delamea,27,https://cdn.sofifa.org/players/4/19/237448.png,Slovenia,€850K,Right,New England Revolution
A. Didic,23,https://cdn.sofifa.org/players/4/19/239205.png,Canada,€210K,Right,Sporting Kansas City
A. Diomande,28,https://cdn.sofifa.org/players/4/19/188107.png,Norway,€2.4M,Right,Los Angeles FC
A. Elis,22,https://cdn.sofifa.org/players/4/19/236245.png,Honduras,€9.5M,Right,Houston Dynamo
A. Farrell,26,https://cdn.sofifa.org/players/4/19/212592.png,United States,€1M,Right,New England Revolution
A. Flores,27,https://cdn.sofifa.org/players/4/19/217190.png,El Salvador,€475K,Left,Portland Timbers
A. Fontana,18,https://cdn.sofifa.org/players/4/19/240026.png,United States,€525K,Right,Philadelphia Union
A. Fuenmayor,21,https://cdn.sofifa.org/players/4/19/242722.png,Venezuela,€875K,Right,Houston Dynamo
A. Ghazal,26,https://cdn.sofifa.org/players/4/19/212469.png,Egypt,€3.2M,Right,Vancouver Whitecaps FC
A. Godoy,28,https://cdn.sofifa.org/players/4/19/217047.png,Panama,€2.4M,Left,San Jose Earthquakes
A. Gómez,25,https://cdn.sofifa.org/players/4/19/219133.png,Peru,€650K,Left,Minnesota United FC
A. Grinwis,26,https://cdn.sofifa.org/players/4/19/242715.png,United States,€80K,Right,Orlando City SC
A. Henley,24,https://cdn.sofifa.org/players/4/19/205485.png,Wales,€475K,Right,Real Salt Lake
A. Herrera,21,https://cdn.sofifa.org/players/4/19/242542.png,United States,€525K,Right,Real Salt Lake
A. Horwath,31,https://cdn.sofifa.org/players/4/19/203778.png,United States,€180K,Right,Real Salt Lake
A. Ivan,23,https://cdn.sofifa.org/players/4/19/244742.png,Romania,€625K,Left,New York Red Bulls
A. Jackson-Hamel,24,https://cdn.sofifa.org/players/4/19/224570.png,Canada,€725K,Right,Montreal Impact
A. Kann,27,https://cdn.sofifa.org/players/4/19/213719.png,United States,€550K,Left,Atlanta United
A. Kapp,23,https://cdn.sofifa.org/players/4/19/240553.png,United States,€100K,Right,Minnesota United FC
A. Katai,27,https://cdn.sofifa.org/players/4/19/204874.png,Serbia,€6M,Right,Chicago Fire
A. Kovar,24,https://cdn.sofifa.org/players/4/19/221504.png,United States,€475K,Left,Los Angeles FC
A. Lassiter,23,https://cdn.sofifa.org/players/4/19/229881.png,Costa Rica,€425K,Left,LA Galaxy
A. Long,25,https://cdn.sofifa.org/players/4/19/222123.png,United States,€4.5M,Right,New York Red Bulls
A. Lundqvist,24,https://cdn.sofifa.org/players/4/19/220600.png,Sweden,€875K,Left,Houston Dynamo
A. Machado,33,https://cdn.sofifa.org/players/4/19/197154.png,Panama,€725K,Right,Houston Dynamo
A. Mahlonoko,16,https://cdn.sofifa.org/players/4/19/245123.png,South Africa,€100K,Right,Orlando Pirates
A. Maund,27,https://cdn.sofifa.org/players/4/19/207860.png,United States,€850K,Right,Vancouver Whitecaps FC
A. Mbekile,31,https://cdn.sofifa.org/players/4/19/233436.png,South Africa,€500K,Right,Orlando Pirates
A. Mobara,24,https://cdn.sofifa.org/players/4/19/234822.png,South Africa,€3.5M,Right,Orlando Pirates
A. Morgan,27,https://cdn.sofifa.org/players/4/19/203338.png,Canada,€375K,Left,Toronto FC
A. Mulenga,28,https://cdn.sofifa.org/players/4/19/242340.png,Zambia,€925K,Right,Orlando Pirates
A. Muyl,22,https://cdn.sofifa.org/players/4/19/231886.png,United States,€950K,Right,New York Red Bulls
A. Najem,23,https://cdn.sofifa.org/players/4/19/237682.png,Afghanistan,€220K,Right,Philadelphia Union
A. Polo,23,https://cdn.sofifa.org/players/4/19/223637.png,Peru,€1.2M,Right,Portland Timbers
A. Powell,23,https://cdn.sofifa.org/players/4/19/216346.png,Jamaica,€1.2M,Right,Portland Timbers
A. Putna,23,https://cdn.sofifa.org/players/4/19/244567.png,United States,€230K,Right,Real Salt Lake
A. Ring,27,https://cdn.sofifa.org/players/4/19/205895.png,Finland,€6.5M,Right,New York City FC
A. Rodríguez,29,https://cdn.sofifa.org/players/4/19/214379.png,Colombia,€4M,Right,Minnesota United FC
A. Roldan,21,https://cdn.sofifa.org/players/4/19/242648.png,United States,€500K,Right,Seattle Sounders FC
A. Rusnák,23,https://cdn.sofifa.org/players/4/19/210423.png,Slovakia,€10M,Right,Real Salt Lake
A. Silva,28,https://cdn.sofifa.org/players/4/19/218868.png,Uruguay,€6.5M,Right,Montreal Impact
A. Sjöberg,27,https://cdn.sofifa.org/players/4/19/226805.png,Sweden,€1M,Right,Colorado Rapids
A. Tarbell,24,https://cdn.sofifa.org/players/4/19/232082.png,United States,€425K,Right,San Jose Earthquakes
A. Tarek,26,https://cdn.sofifa.org/players/4/19/229404.png,Egypt,€2.5M,Left,Orlando City SC
A. Tinnerholm,27,https://cdn.sofifa.org/players/4/19/199131.png,Sweden,€2.2M,Right,New York City FC
A. Trusty,19,https://cdn.sofifa.org/players/4/19/235755.png,United States,€1.1M,Left,Philadelphia Union
A. Wheeler-Omiunu,23,https://cdn.sofifa.org/players/4/19/237703.png,United States,€170K,Right,Atlanta United
A. Zendejas,22,https://cdn.sofifa.org/players/4/19/229433.png,United States,€300K,Right,Sporting Kansas City
André Horta,21,https://cdn.sofifa.org/players/4/19/226370.png,Portugal,€8M,Right,Los Angeles FC
Artur,22,https://cdn.sofifa.org/players/4/19/234122.png,Brazil,€2.7M,Right,Columbus Crew SC
Auro,22,https://cdn.sofifa.org/players/4/19/222881.png,Brazil,€1.4M,Right,Toronto FC
B. Adjei-Boateng,24,https://cdn.sofifa.org/players/4/19/210970.png,Ghana,€725K,Right,Colorado Rapids
B. Bronico,23,https://cdn.sofifa.org/players/4/19/237920.png,United States,€625K,Right,Chicago Fire
B. Bye,22,https://cdn.sofifa.org/players/4/19/242554.png,United States,€350K,Right,New England Revolution
B. Dočkal,29,https://cdn.sofifa.org/players/4/19/181271.png,Czech Republic,€6.5M,Right,Philadelphia Union
B. Evans,33,https://cdn.sofifa.org/players/4/19/179778.png,United States,€180K,Right,Sporting Kansas City
B. Feilhaber,33,https://cdn.sofifa.org/players/4/19/173370.png,United States,€3.9M,Right,Los Angeles FC
B. García,33,https://cdn.sofifa.org/players/4/19/196948.png,Honduras,€525K,Right,Houston Dynamo
B. Guzan,33,https://cdn.sofifa.org/players/4/19/164505.png,United States,€2M,Left,Atlanta United
B. Hamid,27,https://cdn.sofifa.org/players/4/19/194904.png,United States,€3.4M,Right,DC United
B. Hušidić,31,https://cdn.sofifa.org/players/4/19/190568.png,Bosnia Herzegovina,€375K,Right,LA Galaxy
B. Jamieson IV,21,https://cdn.sofifa.org/players/4/19/222078.png,United States,€750K,Right,LA Galaxy
B. Kallman,27,https://cdn.sofifa.org/players/4/19/237397.png,United States,€450K,Right,Minnesota United FC
B. Khuzwayo,28,https://cdn.sofifa.org/players/4/19/209874.png,South Africa,€1.5M,Right,Orlando Pirates
B. Knighton,33,https://cdn.sofifa.org/players/4/19/181001.png,United States,€270K,Right,New England Revolution
B. Lennon,20,https://cdn.sofifa.org/players/4/19/237662.png,United States,€1.1M,Right,Real Salt Lake
B. Levis,25,https://cdn.sofifa.org/players/4/19/236023.png,Canada,€230K,Left,Vancouver Whitecaps FC
B. Meredith,28,https://cdn.sofifa.org/players/4/19/202244.png,United States,€210K,Right,Seattle Sounders FC
B. Mines,18,https://cdn.sofifa.org/players/4/19/242652.png,United States,€325K,Right,New York Red Bulls
B. Miranda,20,https://cdn.sofifa.org/players/4/19/233508.png,Bolivia,€600K,Right,DC United
B. Owundi Eko'o,24,https://cdn.sofifa.org/players/4/19/242575.png,Cameroon,€400K,Left,Minnesota United FC
B. Reynolds,17,https://cdn.sofifa.org/players/4/19/242907.png,United States,€80K,Right,FC Dallas
B. Rowe,29,https://cdn.sofifa.org/players/4/19/210711.png,United States,€350K,Right,Vancouver Whitecaps FC
B. Sagna,35,https://cdn.sofifa.org/players/4/19/163419.png,France,€1.2M,Right,Montreal Impact
B. Schweinsteiger,33,https://cdn.sofifa.org/players/4/19/121944.png,Germany,€6M,Right,Chicago Fire
B. Servania,19,https://cdn.sofifa.org/players/4/19/242302.png,United States,€130K,Right,FC Dallas
B. Shea,28,https://cdn.sofifa.org/players/4/19/186536.png,United States,€550K,Left,Vancouver Whitecaps FC
B. Shuttleworth,31,https://cdn.sofifa.org/players/4/19/193244.png,United States,€650K,Right,Minnesota United FC
B. Smith,24,https://cdn.sofifa.org/players/4/19/210389.png,Australia,€850K,Left,Seattle Sounders FC
B. Stuver,27,https://cdn.sofifa.org/players/4/19/213206.png,United States,€400K,Right,New York City FC
B. Sweat,26,https://cdn.sofifa.org/players/4/19/221684.png,United States,€725K,Left,New York City FC
B. Sylvestre,25,https://cdn.sofifa.org/players/4/19/202854.png,United States,€350K,Right,LA Galaxy
B. Tuiloma,23,https://cdn.sofifa.org/players/4/19/220886.png,New Zealand,€525K,Right,Portland Timbers
B. Vazquez,19,https://cdn.sofifa.org/players/4/19/236885.png,United States,€700K,Right,Atlanta United
B. White,22,https://cdn.sofifa.org/players/4/19/243456.png,United States,€525K,Right,New York Red Bulls
B. Wright,23,https://cdn.sofifa.org/players/4/19/237224.png,Canada,€230K,Right,New England Revolution
C. Ascues,26,https://cdn.sofifa.org/players/4/19/212509.png,Peru,€2M,Right,Orlando City SC
C. Baird,22,https://cdn.sofifa.org/players/4/19/242716.png,United States,€1.4M,Right,Real Salt Lake
C. Bassett,16,https://cdn.sofifa.org/players/4/19/245341.png,United States,€180K,Right,Colorado Rapids
C. Brown,26,https://cdn.sofifa.org/players/4/19/231859.png,United States,€100K,Right,Seattle Sounders FC
C. Burke,26,https://cdn.sofifa.org/players/4/19/241984.png,Jamaica,€900K,Right,Philadelphia Union
C. Cásseres Jr,18,https://cdn.sofifa.org/players/4/19/242534.png,Venezuela,€525K,Right,New York Red Bulls
C. Colmán,24,https://cdn.sofifa.org/players/4/19/237461.png,Paraguay,€1.1M,Right,FC Dallas
C. Cropper,25,https://cdn.sofifa.org/players/4/19/203849.png,United States,€500K,Right,New England Revolution
C. Dielna,30,https://cdn.sofifa.org/players/4/19/186721.png,France,€675K,Left,New England Revolution
C. Diop,24,https://cdn.sofifa.org/players/4/19/204438.png,Senegal,€325K,Right,Montreal Impact
C. Donovan,22,https://cdn.sofifa.org/players/4/19/226818.png,United States,€180K,Left,Houston Dynamo
C. Durkin,18,https://cdn.sofifa.org/players/4/19/237407.png,United States,€1.4M,Right,DC United
C. Duvall,26,https://cdn.sofifa.org/players/4/19/221711.png,United States,€525K,Right,Montreal Impact
C. Goslin,18,https://cdn.sofifa.org/players/4/19/237886.png,United States,€200K,Right,Atlanta United
C. Gruezo,23,https://cdn.sofifa.org/players/4/19/221860.png,Ecuador,€3.7M,Right,FC Dallas
C. Higuita,24,https://cdn.sofifa.org/players/4/19/214025.png,Colombia,€2.1M,Right,Orlando City SC
C. Hountondji,24,https://cdn.sofifa.org/players/4/19/219680.png,Benin,€875K,Right,New York City FC
C. Irwin,29,https://cdn.sofifa.org/players/4/19/213428.png,United States,€375K,Right,Toronto FC
C. Lade,28,https://cdn.sofifa.org/players/4/19/206603.png,United States,€600K,Right,New York Red Bulls
C. Lindley,20,https://cdn.sofifa.org/players/4/19/242452.png,United States,€190K,Right,Orlando City SC
C. Lyon,26,https://cdn.sofifa.org/players/4/19/228217.png,United States,€80K,Right,Los Angeles FC
C. Machado,28,https://cdn.sofifa.org/players/4/19/234372.png,Bolivia,€575K,Right,New England Revolution
C. Mallace,28,https://cdn.sofifa.org/players/4/19/207675.png,Scotland,€375K,Right,Los Angeles FC
C. Maloney,23,https://cdn.sofifa.org/players/4/19/237888.png,United States,€350K,Right,Columbus Crew SC
C. Manley,22,https://cdn.sofifa.org/players/4/19/242735.png,United States,€220K,Right,Minnesota United FC
C. Marshall,33,https://cdn.sofifa.org/players/4/19/152883.png,United States,€1.3M,Left,Seattle Sounders FC
C. Martin,23,https://cdn.sofifa.org/players/4/19/216563.png,United States,€290K,Right,Minnesota United FC
C. Martinez,21,https://cdn.sofifa.org/players/4/19/234154.png,Panama,€725K,Right,Columbus Crew SC
C. Mavinga,27,https://cdn.sofifa.org/players/4/19/193278.png,DR Congo,€2.9M,Left,Toronto FC
C. McCann,30,https://cdn.sofifa.org/players/4/19/166847.png,Republic of Ireland,€475K,Left,Atlanta United
C. Mueller,21,https://cdn.sofifa.org/players/4/19/242714.png,United States,€800K,Right,Orlando City SC
C. Odoi-Atsem,23,https://cdn.sofifa.org/players/4/19/237220.png,United States,€240K,Right,DC United
C. Paredes,20,https://cdn.sofifa.org/players/4/19/237203.png,Paraguay,€1.2M,Right,Portland Timbers
C. Patterson-Sewell,31,https://cdn.sofifa.org/players/4/19/187619.png,United States,€270K,Right,Toronto FC
C. Penilla,27,https://cdn.sofifa.org/players/4/19/223054.png,Ecuador,€2.5M,Right,New England Revolution
C. Pontius,30,https://cdn.sofifa.org/players/4/19/190552.png,United States,€725K,Right,LA Galaxy
C. Ramirez,27,https://cdn.sofifa.org/players/4/19/237075.png,United States,€2.1M,Right,Los Angeles FC
C. Roldan,23,https://cdn.sofifa.org/players/4/19/226807.png,United States,€4.7M,Right,Seattle Sounders FC
C. Sapong,29,https://cdn.sofifa.org/players/4/19/202220.png,United States,€1.1M,Right,Philadelphia Union
C. Schuler,30,https://cdn.sofifa.org/players/4/19/198279.png,United States,€475K,Left,Orlando City SC
C. Seitz,31,https://cdn.sofifa.org/players/4/19/179685.png,United States,€475K,Right,Houston Dynamo
C. Storm,23,https://cdn.sofifa.org/players/4/19/237260.png,United States,€180K,Right,Sporting Kansas City
C. Techera,26,https://cdn.sofifa.org/players/4/19/228404.png,Uruguay,€1.2M,Left,Vancouver Whitecaps FC
C. Vela,29,https://cdn.sofifa.org/players/4/19/169416.png,Mexico,€17.5M,Left,Los Angeles FC
C. Warner,30,https://cdn.sofifa.org/players/4/19/198094.png,United States,€475K,Right,Minnesota United FC
C. Wehan,24,https://cdn.sofifa.org/players/4/19/242705.png,United States,€325K,Right,San Jose Earthquakes
C. Wondolowski,35,https://cdn.sofifa.org/players/4/19/164559.png,United States,€825K,Right,San Jose Earthquakes
Caio Marcelo,20,https://cdn.sofifa.org/players/4/19/245848.png,Brazil,€325K,Right,Orlando Pirates
D. Accam,27,https://cdn.sofifa.org/players/4/19/210801.png,Ghana,€1.1M,Right,Philadelphia Union
D. Acosta,20,https://cdn.sofifa.org/players/4/19/231973.png,United States,€1.1M,Left,Real Salt Lake
D. Asprilla,26,https://cdn.sofifa.org/players/4/19/214354.png,Colombia,€750K,Right,Portland Timbers
D. Badji,25,https://cdn.sofifa.org/players/4/19/227998.png,Senegal,€1.1M,Left,FC Dallas
D. Beasley,36,https://cdn.sofifa.org/players/4/19/39386.png,United States,€200K,Left,Houston Dynamo
D. Bedoya,24,https://cdn.sofifa.org/players/4/19/245320.png,Colombia,€70K,Right,New York City FC
D. Bingham,28,https://cdn.sofifa.org/players/4/19/202469.png,United States,€650K,Right,LA Galaxy
D. Campos,22,https://cdn.sofifa.org/players/4/19/243111.png,Costa Rica,€400K,Right,Chicago Fire
D. Cerén,28,https://cdn.sofifa.org/players/4/19/217217.png,El Salvador,€1.4M,Right,Houston Dynamo
D. Chará,32,https://cdn.sofifa.org/players/4/19/203067.png,Colombia,€3.2M,Right,Portland Timbers
D. Choinière,21,https://cdn.sofifa.org/players/4/19/234377.png,Canada,€300K,Right,Montreal Impact
D. Conner,24,https://cdn.sofifa.org/players/4/19/231858.png,United States,€180K,Right,Chicago Fire
D. Dwyer,27,https://cdn.sofifa.org/players/4/19/207858.png,United States,€3.3M,Left,Orlando City SC
D. Etienne Jr.,21,https://cdn.sofifa.org/players/4/19/166539.png,Haiti,€1.5M,Right,New York Red Bulls
D. Fagundez,23,https://cdn.sofifa.org/players/4/19/201895.png,Uruguay,€5M,Right,New England Revolution
D. Guzman,28,https://cdn.sofifa.org/players/4/19/236999.png,Costa Rica,€2.8M,Right,Portland Timbers
D. Henry,25,https://cdn.sofifa.org/players/4/19/201208.png,Canada,€600K,Right,Vancouver Whitecaps FC
D. Hoesen,27,https://cdn.sofifa.org/players/4/19/190497.png,Netherlands,€2.1M,Right,San Jose Earthquakes
D. Horst,32,https://cdn.sofifa.org/players/4/19/186725.png,United States,€375K,Right,Real Salt Lake
D. Jaković,32,https://cdn.sofifa.org/players/4/19/191218.png,Canada,€375K,Right,Los Angeles FC
D. Johnson,22,https://cdn.sofifa.org/players/4/19/237249.png,United States,€425K,Right,Chicago Fire
D. Jones,21,https://cdn.sofifa.org/players/4/19/235425.png,United States,€975K,Left,Philadelphia Union
D. Kelly,27,https://cdn.sofifa.org/players/4/19/243017.png,Jamaica,€525K,Right,DC United
D. Kreilach,29,https://cdn.sofifa.org/players/4/19/215886.png,Croatia,€5.5M,Right,Real Salt Lake
D. Lovitz,26,https://cdn.sofifa.org/players/4/19/221713.png,United States,€725K,Left,Montreal Impact
D. Mattocks,27,https://cdn.sofifa.org/players/4/19/206630.png,Jamaica,€950K,Right,DC United
D. McCarty,31,https://cdn.sofifa.org/players/4/19/176071.png,United States,€3.8M,Right,Chicago Fire
D. Mihailovic,19,https://cdn.sofifa.org/players/4/19/237496.png,United States,€525K,Right,Chicago Fire
D. Moor,34,https://cdn.sofifa.org/players/4/19/164529.png,United States,€725K,Right,Toronto FC
D. Nagbe,27,https://cdn.sofifa.org/players/4/19/202078.png,United States,€4.1M,Right,Atlanta United
D. Oduro,32,https://cdn.sofifa.org/players/4/19/177549.png,Ghana,€240K,Right,San Jose Earthquakes
D. Ousted,33,https://cdn.sofifa.org/players/4/19/162052.png,Denmark,€900K,Right,DC United
D. Phillips,34,https://cdn.sofifa.org/players/4/19/185249.png,Jamaica,€130K,Left,Real Salt Lake
D. Powers,27,https://cdn.sofifa.org/players/4/19/212718.png,United States,€725K,Right,Orlando City SC
D. Quintero,30,https://cdn.sofifa.org/players/4/19/190607.png,Colombia,€7.5M,Right,Minnesota United FC
D. Remick,27,https://cdn.sofifa.org/players/4/19/212732.png,United States,€500K,Left,Houston Dynamo
D. Romney,25,https://cdn.sofifa.org/players/4/19/229879.png,United States,€1.1M,Left,LA Galaxy
D. Rossi,20,https://cdn.sofifa.org/players/4/19/241907.png,Uruguay,€5.5M,Right,Los Angeles FC
D. Royer,28,https://cdn.sofifa.org/players/4/19/199729.png,Austria,€5.5M,Right,New York Red Bulls
D. Rubio,25,https://cdn.sofifa.org/players/4/19/204709.png,Chile,€1.4M,Right,Sporting Kansas City
D. Sallói,21,https://cdn.sofifa.org/players/4/19/232148.png,Hungary,€3.7M,Right,Sporting Kansas City
D. Serna,24,https://cdn.sofifa.org/players/4/19/213307.png,United States,€600K,Left,Colorado Rapids
D. Steres,27,https://cdn.sofifa.org/players/4/19/209761.png,United States,€725K,Right,LA Galaxy
D. Thopola,28,https://cdn.sofifa.org/players/4/19/234174.png,South Africa,€500K,Right,Orlando Pirates
D. Toia,26,https://cdn.sofifa.org/players/4/19/203781.png,United States,€625K,Left,Orlando City SC
D. Valeri,32,https://cdn.sofifa.org/players/4/19/172114.png,Argentina,€11.5M,Right,Portland Timbers
D. Wilson,26,https://cdn.sofifa.org/players/4/19/193716.png,Scotland,€925K,Left,Colorado Rapids
D. Wynne,23,https://cdn.sofifa.org/players/4/19/226057.png,New Zealand,€500K,Left,Colorado Rapids
Danilo Silva,31,https://cdn.sofifa.org/players/4/19/167379.png,Brazil,€1.6M,Right,Los Angeles FC
David Villa,36,https://cdn.sofifa.org/players/4/19/113422.png,Spain,€8M,Right,New York City FC
E. Alexander,30,https://cdn.sofifa.org/players/4/19/198007.png,United States,€400K,Right,Houston Dynamo
E. Atuesta,21,https://cdn.sofifa.org/players/4/19/236298.png,Colombia,€1.4M,Right,Los Angeles FC
E. Barco,19,https://cdn.sofifa.org/players/4/19/236007.png,Argentina,€8.5M,Right,Atlanta United
E. Bird,25,https://cdn.sofifa.org/players/4/19/228139.png,United States,€140K,Right,Houston Dynamo
E. Boateng,24,https://cdn.sofifa.org/players/4/19/217606.png,Ghana,€1.2M,Left,LA Galaxy
E. Bush,32,https://cdn.sofifa.org/players/4/19/206549.png,United States,€1M,Right,Montreal Impact
E. Calvillo,20,https://cdn.sofifa.org/players/4/19/242256.png,United States,€575K,Right,San Jose Earthquakes
E. Castillo,31,https://cdn.sofifa.org/players/4/19/171364.png,United States,€700K,Left,Colorado Rapids
E. Dick,23,https://cdn.sofifa.org/players/4/19/242721.png,United States,€130K,Right,Sporting Kansas City
E. Edwards Jr.,26,https://cdn.sofifa.org/players/4/19/227653.png,United States,€240K,Right,Orlando City SC
E. Finlay,27,https://cdn.sofifa.org/players/4/19/207669.png,United States,€2.5M,Right,Minnesota United FC
E. Hurtado,27,https://cdn.sofifa.org/players/4/19/212750.png,United States,€400K,Right,Vancouver Whitecaps FC
E. Juárez,30,https://cdn.sofifa.org/players/4/19/167519.png,Mexico,€825K,Right,Vancouver Whitecaps FC
E. Kutler,23,https://cdn.sofifa.org/players/4/19/237277.png,United States,€240K,Right,New York Red Bulls
E. Louro,22,https://cdn.sofifa.org/players/4/19/237399.png,United States,€170K,Right,New York Red Bulls
E. Martinez,27,https://cdn.sofifa.org/players/4/19/207613.png,Uruguay,€650K,Right,Colorado Rapids
E. McCue,17,https://cdn.sofifa.org/players/4/19/246620.png,Sweden,€70K,Right,Houston Dynamo
E. Miller,25,https://cdn.sofifa.org/players/4/19/221656.png,United States,€575K,Right,Minnesota United FC
E. Ofori,23,https://cdn.sofifa.org/players/4/19/219510.png,Ghana,€4.2M,Left,New York City FC
E. Opoku,20,https://cdn.sofifa.org/players/4/19/242298.png,Ghana,€250K,Right,Columbus Crew SC
E. Remedi,23,https://cdn.sofifa.org/players/4/19/228838.png,Argentina,€3M,Right,Atlanta United
E. Sosa,22,https://cdn.sofifa.org/players/4/19/242050.png,Venezuela,€950K,Right,Columbus Crew SC
E. Zavaleta,25,https://cdn.sofifa.org/players/4/19/202073.png,United States,€775K,Right,Toronto FC
Eloi Amagat,33,https://cdn.sofifa.org/players/4/19/188671.png,Spain,€1M,Right,New York City FC
F. Affolter,27,https://cdn.sofifa.org/players/4/19/191050.png,Switzerland,€375K,Right,San Jose Earthquakes
F. Brillant,33,https://cdn.sofifa.org/players/4/19/208521.png,France,€260K,Right,DC United
F. Calvo,25,https://cdn.sofifa.org/players/4/19/213064.png,Costa Rica,€2.4M,Left,Minnesota United FC
F. Chenkam,19,https://cdn.sofifa.org/players/4/19/243682.png,Cameroon,€220K,Right,Seattle Sounders FC
F. Escobar,23,https://cdn.sofifa.org/players/4/19/222587.png,Argentina,€900K,Right,Atlanta United
F. Escobar,23,https://cdn.sofifa.org/players/4/19/240196.png,Panama,€900K,Right,New York Red Bulls
F. Gutiérrez,27,https://cdn.sofifa.org/players/4/19/203796.png,Chile,€7M,Left,Sporting Kansas City
F. Herbers,24,https://cdn.sofifa.org/players/4/19/232166.png,Germany,€575K,Right,Philadelphia Union
F. Higuaín,33,https://cdn.sofifa.org/players/4/19/167669.png,Argentina,€5.5M,Right,Columbus Crew SC
F. Hollinger-Janzen,24,https://cdn.sofifa.org/players/4/19/231997.png,Benin,€220K,Right,New England Revolution
F. Jungwirth,29,https://cdn.sofifa.org/players/4/19/189397.png,Germany,€1.4M,Right,San Jose Earthquakes
F. Langsdorf,22,https://cdn.sofifa.org/players/4/19/242642.png,United States,€80K,Right,Portland Timbers
F. Pangop,25,https://cdn.sofifa.org/players/4/19/242048.png,Cameroon,€260K,Right,Minnesota United FC
F. Picault,27,https://cdn.sofifa.org/players/4/19/230991.png,United States,€1.1M,Right,Philadelphia Union
F. Valot,25,https://cdn.sofifa.org/players/4/19/242651.png,France,€950K,Left,New York Red Bulls
Fábinho,33,https://cdn.sofifa.org/players/4/19/188522.png,Brazil,€250K,Left,Philadelphia Union
Felipe,27,https://cdn.sofifa.org/players/4/19/207465.png,Brazil,€3.2M,Right,Vancouver Whitecaps FC
Fernando Bob,30,https://cdn.sofifa.org/players/4/19/190887.png,Brazil,€2.3M,Left,Minnesota United FC
Fontàs,28,https://cdn.sofifa.org/players/4/19/192476.png,Spain,€6M,Left,Sporting Kansas City
G. Barnes,29,https://cdn.sofifa.org/players/4/19/173444.png,Jamaica,€900K,Right,Colorado Rapids
G. dos Santos,29,https://cdn.sofifa.org/players/4/19/170369.png,Mexico,€6.5M,Left,LA Galaxy
G. Garza,26,https://cdn.sofifa.org/players/4/19/198589.png,United States,€1.7M,Left,Atlanta United
G. Hauche,25,https://cdn.sofifa.org/players/4/19/221007.png,Argentina,€500K,Right,New England Revolution
G. Kashia,30,https://cdn.sofifa.org/players/4/19/192904.png,Georgia,€4.9M,Right,San Jose Earthquakes
G. Lillard,22,https://cdn.sofifa.org/players/4/19/242707.png,United States,€500K,Right,Chicago Fire
G. Sauro,28,https://cdn.sofifa.org/players/4/19/190634.png,Argentina,€1M,Right,Columbus Crew SC
G. Shitolo,28,https://cdn.sofifa.org/players/4/19/224445.png,South Africa,€375K,Right,Orlando Pirates
G. Smith,22,https://cdn.sofifa.org/players/4/19/242720.png,United States,€350K,Right,Sporting Kansas City
G. Somi,26,https://cdn.sofifa.org/players/4/19/208300.png,Syria,€350K,Left,New England Revolution
G. Svensson,31,https://cdn.sofifa.org/players/4/19/177448.png,Sweden,€3.8M,Right,Seattle Sounders FC
G. van der Wiel,30,https://cdn.sofifa.org/players/4/19/183937.png,Netherlands,€3M,Right,Toronto FC
G. Zardes,26,https://cdn.sofifa.org/players/4/19/212478.png,United States,€4.8M,Right,Columbus Crew SC
G. Zusi,31,https://cdn.sofifa.org/players/4/19/190557.png,United States,€2M,Right,Sporting Kansas City
Gerso,27,https://cdn.sofifa.org/players/4/19/209449.png,Guinea Bissau,€4.2M,Left,Sporting Kansas City
H. Afful,32,https://cdn.sofifa.org/players/4/19/189514.png,Ghana,€2.2M,Right,Columbus Crew SC
H. Arellano,20,https://cdn.sofifa.org/players/4/19/237225.png,United States,€200K,Left,LA Galaxy
H. Bwana,19,https://cdn.sofifa.org/players/4/19/242684.png,Kenya,€975K,Right,Seattle Sounders FC
H. Cummings,26,https://cdn.sofifa.org/players/4/19/217054.png,Panama,€750K,Right,San Jose Earthquakes
H. Heath,22,https://cdn.sofifa.org/players/4/19/219886.png,England,€270K,Right,Minnesota United FC
H. Jele,31,https://cdn.sofifa.org/players/4/19/179822.png,South Africa,€375K,Right,Orlando Pirates
H. Jimenez,29,https://cdn.sofifa.org/players/4/19/202231.png,United States,€575K,Right,Columbus Crew SC
H. Medunjanin,33,https://cdn.sofifa.org/players/4/19/177390.png,Bosnia Herzegovina,€3.9M,Left,Philadelphia Union
H. Ndam,19,https://cdn.sofifa.org/players/4/19/237550.png,Cameroon,€425K,Right,New York Red Bulls
H. Shipp,26,https://cdn.sofifa.org/players/4/19/221503.png,United States,€700K,Right,Seattle Sounders FC
H. Villalba,23,https://cdn.sofifa.org/players/4/19/215107.png,Paraguay,€8.5M,Right,Atlanta United
H. Wingo,22,https://cdn.sofifa.org/players/4/19/237307.png,United States,€375K,Right,Seattle Sounders FC
I. Angking,18,https://cdn.sofifa.org/players/4/19/242347.png,United States,€130K,Right,New England Revolution
I. Harkes,23,https://cdn.sofifa.org/players/4/19/237385.png,United States,€625K,Right,DC United
I. Maela,25,https://cdn.sofifa.org/players/4/19/239431.png,South Africa,€550K,Left,Orlando Pirates
I. Opara,29,https://cdn.sofifa.org/players/4/19/190558.png,United States,€6M,Right,Sporting Kansas City
I. Piatti,33,https://cdn.sofifa.org/players/4/19/176376.png,Argentina,€9M,Right,Montreal Impact
I. Tajouri-Shradi,24,https://cdn.sofifa.org/players/4/19/213302.png,Libya,€3.2M,Left,New York City FC
Ibson,34,https://cdn.sofifa.org/players/4/19/152828.png,Brazil,€270K,Right,Minnesota United FC
Ilie Sánchez,27,https://cdn.sofifa.org/players/4/19/199562.png,Spain,€5.5M,Right,Sporting Kansas City
Ilsinho,32,https://cdn.sofifa.org/players/4/19/177138.png,Brazil,€600K,Right,Philadelphia Union
J. Agudelo,25,https://cdn.sofifa.org/players/4/19/197166.png,United States,€1.1M,Right,New England Revolution
J. Aja,25,https://cdn.sofifa.org/players/4/19/235280.png,Uruguay,€800K,Right,Vancouver Whitecaps FC
J. Allen,23,https://cdn.sofifa.org/players/4/19/221386.png,United States,€375K,Right,Real Salt Lake
J. Altidore,28,https://cdn.sofifa.org/players/4/19/176237.png,United States,€8M,Right,Toronto FC
J. Anibaba,29,https://cdn.sofifa.org/players/4/19/202162.png,United States,€600K,Right,New England Revolution
J. Attinella,29,https://cdn.sofifa.org/players/4/19/201875.png,United States,€600K,Right,Portland Timbers
J. Barmby,23,https://cdn.sofifa.org/players/4/19/213698.png,England,€280K,Left,Portland Timbers
J. Beaulieu,24,https://cdn.sofifa.org/players/4/19/242301.png,Canada,€70K,Right,Montreal Impact
J. Bendik,29,https://cdn.sofifa.org/players/4/19/201873.png,United States,€625K,Left,Orlando City SC
J. Berget,27,https://cdn.sofifa.org/players/4/19/183339.png,Norway,€1.1M,Right,New York City FC
J. Blomberg,31,https://cdn.sofifa.org/players/4/19/207580.png,Sweden,€475K,Right,Colorado Rapids
J. Cabezas,27,https://cdn.sofifa.org/players/4/19/214018.png,Colombia,€1.5M,Right,Houston Dynamo
J. Caldwell,22,https://cdn.sofifa.org/players/4/19/242206.png,United States,€50K,Right,New York City FC
J. Campbell,25,https://cdn.sofifa.org/players/4/19/231976.png,United States,€600K,Right,Chicago Fire
J. Cano,22,https://cdn.sofifa.org/players/4/19/242903.png,United States,€120K,Right,FC Dallas
J. Cascante,24,https://cdn.sofifa.org/players/4/19/242533.png,Costa Rica,€875K,Right,Portland Timbers
J. Chapman,24,https://cdn.sofifa.org/players/4/19/226775.png,Canada,€700K,Right,Toronto FC
J. Colman,19,https://cdn.sofifa.org/players/4/19/242451.png,Paraguay,€775K,Right,Orlando City SC
J. Corrales,27,https://cdn.sofifa.org/players/4/19/217193.png,Cuba,€350K,Left,Chicago Fire
J. Delem,25,https://cdn.sofifa.org/players/4/19/237959.png,France,€350K,Right,Seattle Sounders FC
J. dos Santos,28,https://cdn.sofifa.org/players/4/19/170370.png,Mexico,€9M,Right,LA Galaxy
J. Dunn,17,https://cdn.sofifa.org/players/4/19/243216.png,Canada,€70K,Right,Toronto FC
J. Ebobisse,21,https://cdn.sofifa.org/players/4/19/237256.png,United States,€875K,Left,Portland Timbers
J. Elliott,22,https://cdn.sofifa.org/players/4/19/238008.png,England,€1M,Right,Philadelphia Union
J. Ferreira,17,https://cdn.sofifa.org/players/4/19/241487.png,Colombia,€150K,Right,FC Dallas
J. Gallagher,22,https://cdn.sofifa.org/players/4/19/242624.png,Republic of Ireland,€110K,Right,Atlanta United
J. Glad,21,https://cdn.sofifa.org/players/4/19/222557.png,United States,€1.3M,Right,Real Salt Lake
J. Gleeson,28,https://cdn.sofifa.org/players/4/19/202921.png,New Zealand,€425K,Right,Portland Timbers
J. Gonzalez,23,https://cdn.sofifa.org/players/4/19/213736.png,United States,€950K,Right,FC Dallas
J. Gressel,24,https://cdn.sofifa.org/players/4/19/237223.png,Germany,€4.3M,Right,Atlanta United
J. Hamilton,22,https://cdn.sofifa.org/players/4/19/221502.png,Canada,€775K,Left,Toronto FC
J. Harvey,34,https://cdn.sofifa.org/players/4/19/178379.png,United States,€220K,Left,Los Angeles FC
J. Hayes,23,https://cdn.sofifa.org/players/4/19/237218.png,United States,€650K,Right,FC Dallas
J. Hernandez,34,https://cdn.sofifa.org/players/4/19/164618.png,Puerto Rico,€110K,Right,Toronto FC
J. Hernandez,22,https://cdn.sofifa.org/players/4/19/236994.png,Mexico,€150K,Right,Real Salt Lake
J. Hernández,21,https://cdn.sofifa.org/players/4/19/241958.png,Venezuela,€400K,Left,Atlanta United
J. Hyka,30,https://cdn.sofifa.org/players/4/19/176628.png,Albania,€1M,Right,San Jose Earthquakes
J. Jeffrey,28,https://cdn.sofifa.org/players/4/19/187035.png,United States,€300K,Right,DC United
J. Kappelhof,27,https://cdn.sofifa.org/players/4/19/200105.png,Netherlands,€1M,Right,Chicago Fire
J. Kempin,25,https://cdn.sofifa.org/players/4/19/201353.png,United States,€450K,Right,Columbus Crew SC
J. Larentowicz,34,https://cdn.sofifa.org/players/4/19/164610.png,United States,€270K,Right,Atlanta United
J. Lewis,21,https://cdn.sofifa.org/players/4/19/229707.png,United States,€800K,Right,New York City FC
J. Lindsey,18,https://cdn.sofifa.org/players/4/19/242334.png,United States,€450K,Right,Sporting Kansas City
J. Mabokgwane,30,https://cdn.sofifa.org/players/4/19/184058.png,South Africa,€575K,Right,Orlando Pirates
J. Marcinkowski,21,https://cdn.sofifa.org/players/4/19/242703.png,United States,€280K,Right,San Jose Earthquakes
J. Martínez,25,https://cdn.sofifa.org/players/4/19/207877.png,Venezuela,€22.5M,Right,Atlanta United
J. Maurer,29,https://cdn.sofifa.org/players/4/19/202570.png,United States,€300K,Right,FC Dallas
J. McBean,23,https://cdn.sofifa.org/players/4/19/202467.png,United States,€625K,Right,Colorado Rapids
J. McCarthy,25,https://cdn.sofifa.org/players/4/19/227909.png,United States,€525K,Right,Philadelphia Union
J. McCrary,24,https://cdn.sofifa.org/players/4/19/232011.png,United States,€400K,Right,Seattle Sounders FC
J. McGuire,23,https://cdn.sofifa.org/players/4/19/237269.png,United States,€70K,Right,Philadelphia Union
J. Medina,21,https://cdn.sofifa.org/players/4/19/242052.png,Paraguay,€1.7M,Left,New York City FC
J. Medranda,24,https://cdn.sofifa.org/players/4/19/219871.png,Colombia,€1.2M,Left,Sporting Kansas City
J. Mensah,27,https://cdn.sofifa.org/players/4/19/198970.png,Ghana,€2.2M,Right,Columbus Crew SC
J. Meram,29,https://cdn.sofifa.org/players/4/19/202223.png,Iraq,€3M,Right,Columbus Crew SC
J. Mora,25,https://cdn.sofifa.org/players/4/19/242995.png,Costa Rica,€700K,Left,DC United
J. Moreno,24,https://cdn.sofifa.org/players/4/19/240982.png,Venezuela,€1.1M,Right,DC United
J. Morris,23,https://cdn.sofifa.org/players/4/19/226035.png,United States,€2.5M,Right,Seattle Sounders FC
J. Morrow,30,https://cdn.sofifa.org/players/4/19/198000.png,United States,€1.3M,Left,Toronto FC
J. Mutch,26,https://cdn.sofifa.org/players/4/19/186117.png,England,€1M,Right,Vancouver Whitecaps FC
J. Nerwinski,23,https://cdn.sofifa.org/players/4/19/237252.png,United States,€875K,Right,Vancouver Whitecaps FC
J. Ockford,26,https://cdn.sofifa.org/players/4/19/221710.png,United States,€450K,Right,San Jose Earthquakes
J. Osorio,26,https://cdn.sofifa.org/players/4/19/213439.png,Canada,€2.9M,Right,Toronto FC
J. Pantemis,21,https://cdn.sofifa.org/players/4/19/238919.png,Canada,€160K,Right,Montreal Impact
J. Pérez,20,https://cdn.sofifa.org/players/4/19/236843.png,United States,€1.2M,Left,Los Angeles FC
J. Plata,26,https://cdn.sofifa.org/players/4/19/202184.png,Ecuador,€6M,Right,Real Salt Lake
J. Price,25,https://cdn.sofifa.org/players/4/19/205585.png,England,€2.5M,Right,Colorado Rapids
J. Qwiberg,25,https://cdn.sofifa.org/players/4/19/241647.png,Sweden,€200K,Left,San Jose Earthquakes
J. Raitala,29,https://cdn.sofifa.org/players/4/19/194163.png,Finland,€700K,Left,Montreal Impact
J. Robinson,24,https://cdn.sofifa.org/players/4/19/221447.png,United States,€290K,Right,DC United
J. Russell,28,https://cdn.sofifa.org/players/4/19/185068.png,Scotland,€3.1M,Left,Sporting Kansas City
J. Sands,17,https://cdn.sofifa.org/players/4/19/242214.png,United States,€230K,Right,New York City FC
J. Savarino,21,https://cdn.sofifa.org/players/4/19/238555.png,Venezuela,€5M,Right,Real Salt Lake
J. Shonga,21,https://cdn.sofifa.org/players/4/19/241301.png,Zambia,€1.1M,Right,Orlando Pirates
J. Simpson,29,https://cdn.sofifa.org/players/4/19/184300.png,England,€450K,Right,Philadelphia Union
J. Skjelvik,26,https://cdn.sofifa.org/players/4/19/188917.png,Norway,€650K,Left,LA Galaxy
J. Spector,32,https://cdn.sofifa.org/players/4/19/162890.png,United States,€1.4M,Right,Orlando City SC
J. Thiesson,30,https://cdn.sofifa.org/players/4/19/184543.png,Switzerland,€325K,Right,Minnesota United FC
J. Vargas,20,https://cdn.sofifa.org/players/4/19/226266.png,Chile,€1.3M,Right,Montreal Impact
J. Villafaña,28,https://cdn.sofifa.org/players/4/19/184643.png,United States,€825K,Left,Portland Timbers
J. Villarreal,24,https://cdn.sofifa.org/players/4/19/207629.png,United States,€875K,Left,Orlando City SC
J. Vom Steeg,21,https://cdn.sofifa.org/players/4/19/236005.png,United States,€130K,Right,LA Galaxy
J. Watts,26,https://cdn.sofifa.org/players/4/19/222027.png,United States,€675K,Right,Houston Dynamo
J. Williams,30,https://cdn.sofifa.org/players/4/19/202171.png,United States,€575K,Right,Columbus Crew SC
J. Willis,29,https://cdn.sofifa.org/players/4/19/202215.png,United States,€500K,Right,Houston Dynamo
J. Yaro,24,https://cdn.sofifa.org/players/4/19/232083.png,Ghana,€500K,Right,Philadelphia Union
J. Yueill,21,https://cdn.sofifa.org/players/4/19/237257.png,United States,€1.3M,Right,San Jose Earthquakes
João Moutinho,20,https://cdn.sofifa.org/players/4/19/242629.png,Portugal,€1.1M,Right,Los Angeles FC
Jon Bakero,21,https://cdn.sofifa.org/players/4/19/242257.png,Spain,€425K,Right,Toronto FC
K. Acosta,22,https://cdn.sofifa.org/players/4/19/213209.png,United States,€4.5M,Right,Colorado Rapids
K. Awuah,22,https://cdn.sofifa.org/players/4/19/237262.png,Canada,€130K,Left,New York City FC
K. Beckerman,36,https://cdn.sofifa.org/players/4/19/36111.png,United States,€325K,Right,Real Salt Lake
K. Belmar,25,https://cdn.sofifa.org/players/4/19/242572.png,United States,€450K,Right,Sporting Kansas City
K. Colvey,24,https://cdn.sofifa.org/players/4/19/233269.png,New Zealand,€170K,Left,Colorado Rapids
K. Duncan,20,https://cdn.sofifa.org/players/4/19/236038.png,United States,€475K,Right,New York Red Bulls
K. Ellis,27,https://cdn.sofifa.org/players/4/19/202787.png,United States,€500K,Right,DC United
K. Fisher,24,https://cdn.sofifa.org/players/4/19/231992.png,United States,€475K,Right,Montreal Impact
K. Ford,22,https://cdn.sofifa.org/players/4/19/237116.png,United States,€725K,Right,Colorado Rapids
K. Garcia,27,https://cdn.sofifa.org/players/4/19/228098.png,United States,€250K,Left,Houston Dynamo
K. Kamara,33,https://cdn.sofifa.org/players/4/19/176048.png,Sierra Leone,€3.5M,Right,Vancouver Whitecaps FC
K. Kratz,31,https://cdn.sofifa.org/players/4/19/192643.png,Germany,€675K,Right,Atlanta United
K. Krolicki,22,https://cdn.sofifa.org/players/4/19/242836.png,Japan,€525K,Right,Montreal Impact
K. Lawrence,25,https://cdn.sofifa.org/players/4/19/220209.png,Jamaica,€6M,Left,New York Red Bulls
K. Leerdam,28,https://cdn.sofifa.org/players/4/19/193561.png,Suriname,€1.4M,Right,Seattle Sounders FC
K. Mahachi,24,https://cdn.sofifa.org/players/4/19/220362.png,Zimbabwe,€2.3M,Right,Orlando Pirates
K. McIntosh,24,https://cdn.sofifa.org/players/4/19/237201.png,United States,€90K,Right,Portland Timbers
K. Molino,28,https://cdn.sofifa.org/players/4/19/217852.png,Trinidad & Tobago,€3.1M,Right,Minnesota United FC
K. Németh,29,https://cdn.sofifa.org/players/4/19/182130.png,Hungary,€875K,Right,Sporting Kansas City
K. Opare,27,https://cdn.sofifa.org/players/4/19/212958.png,United States,€850K,Right,DC United
K. Partida,23,https://cdn.sofifa.org/players/4/19/243832.png,United States,€280K,Left,San Jose Earthquakes
K. Politz,22,https://cdn.sofifa.org/players/4/19/242203.png,United States,€120K,Right,New York Red Bulls
K. Przybyłko,25,https://cdn.sofifa.org/players/4/19/208120.png,Poland,€1.2M,Right,Philadelphia Union
K. Reaves,22,https://cdn.sofifa.org/players/4/19/242902.png,United States,€210K,Right,FC Dallas
K. Rosenberry,24,https://cdn.sofifa.org/players/4/19/231985.png,United States,€2M,Right,Philadelphia Union
K. Rowe,26,https://cdn.sofifa.org/players/4/19/206631.png,United States,€1.2M,Right,New England Revolution
K. Shelton,25,https://cdn.sofifa.org/players/4/19/226781.png,United States,€725K,Right,Sporting Kansas City
K. Waston,30,https://cdn.sofifa.org/players/4/19/216811.png,Costa Rica,€4.2M,Right,Vancouver Whitecaps FC
K. Zobeck,28,https://cdn.sofifa.org/players/4/19/213535.png,United States,€60K,Right,FC Dallas
Kaku,23,https://cdn.sofifa.org/players/4/19/226376.png,Paraguay,€10M,Left,New York Red Bulls
Kim Kee Hee,28,https://cdn.sofifa.org/players/4/19/203002.png,Korea Republic,€850K,Right,Seattle Sounders FC
L. Abubakar,23,https://cdn.sofifa.org/players/4/19/237214.png,Ghana,€1.2M,Right,Columbus Crew SC
L. Acosta,24,https://cdn.sofifa.org/players/4/19/221634.png,Argentina,€11M,Right,DC United
L. Argudo,22,https://cdn.sofifa.org/players/4/19/242739.png,United States,€750K,Right,Columbus Crew SC
L. Béland-Goyette,22,https://cdn.sofifa.org/players/4/19/225486.png,Canada,€200K,Right,Montreal Impact
L. Blessing,21,https://cdn.sofifa.org/players/4/19/237153.png,Ghana,€1.7M,Right,Los Angeles FC
L. Caicedo,22,https://cdn.sofifa.org/players/4/19/231587.png,Colombia,€1.1M,Right,New England Revolution
L. Fraser,20,https://cdn.sofifa.org/players/4/19/242643.png,Canada,€425K,Right,Toronto FC
L. Gil,24,https://cdn.sofifa.org/players/4/19/197164.png,United States,€400K,Right,Houston Dynamo
L. González Pirez,26,https://cdn.sofifa.org/players/4/19/199669.png,Argentina,€7M,Right,Atlanta United
L. Janson,23,https://cdn.sofifa.org/players/4/19/215202.png,Argentina,€5.5M,Right,Toronto FC
L. Ketterer,24,https://cdn.sofifa.org/players/4/19/237305.png,United States,€120K,Right,Columbus Crew SC
L. Kunga,19,https://cdn.sofifa.org/players/4/19/239146.png,United States,€220K,Left,Atlanta United
L. López,24,https://cdn.sofifa.org/players/4/19/223352.png,Honduras,€450K,Right,Los Angeles FC
L. Mabiala,30,https://cdn.sofifa.org/players/4/19/181404.png,DR Congo,€2.3M,Right,Portland Timbers
L. Melano,25,https://cdn.sofifa.org/players/4/19/215266.png,Argentina,€1.4M,Right,Portland Timbers
L. Memela,30,https://cdn.sofifa.org/players/4/19/229129.png,South Africa,€725K,Right,Orlando Pirates
L. Mulholland,29,https://cdn.sofifa.org/players/4/19/221666.png,England,€625K,Right,Real Salt Lake
L. Neagle,31,https://cdn.sofifa.org/players/4/19/193246.png,United States,€475K,Right,Seattle Sounders FC
L. Nguyen,31,https://cdn.sofifa.org/players/4/19/178284.png,United States,€6M,Right,Los Angeles FC
L. Olum,33,https://cdn.sofifa.org/players/4/19/206157.png,Kenya,€220K,Right,Portland Timbers
L. Ridgewell,33,https://cdn.sofifa.org/players/4/19/162315.png,England,€425K,Left,Portland Timbers
L. Robles,34,https://cdn.sofifa.org/players/4/19/179820.png,United States,€2.3M,Right,New York Red Bulls
L. Sané,31,https://cdn.sofifa.org/players/4/19/192333.png,Senegal,€3.8M,Right,Orlando City SC
L. Silva,29,https://cdn.sofifa.org/players/4/19/206633.png,United States,€750K,Right,Real Salt Lake
L. Solignac,27,https://cdn.sofifa.org/players/4/19/212687.png,Argentina,€575K,Right,Chicago Fire
Leonardo,30,https://cdn.sofifa.org/players/4/19/197839.png,Brazil,€675K,Right,Houston Dynamo
Lobato,29,https://cdn.sofifa.org/players/4/19/204475.png,Spain,€875K,Left,Sporting Kansas City
Luis Felipe,22,https://cdn.sofifa.org/players/4/19/242704.png,United States,€1.2M,Left,San Jose Earthquakes
M. Adams,21,https://cdn.sofifa.org/players/4/19/242708.png,England,€675K,Right,Chicago Fire
M. Almirón,24,https://cdn.sofifa.org/players/4/19/230977.png,Paraguay,€19.5M,Left,Atlanta United
M. Ambrose,24,https://cdn.sofifa.org/players/4/19/235626.png,United States,€400K,Left,Atlanta United
M. Azira,30,https://cdn.sofifa.org/players/4/19/220700.png,Uganda,€1.3M,Right,Montreal Impact
M. Baldisimo,18,https://cdn.sofifa.org/players/4/19/244677.png,Canada,€70K,Right,Vancouver Whitecaps FC
M. Barrios,27,https://cdn.sofifa.org/players/4/19/221306.png,Colombia,€4.2M,Right,FC Dallas
M. Bersano,25,https://cdn.sofifa.org/players/4/19/238076.png,United States,€90K,Right,San Jose Earthquakes
M. Besler,31,https://cdn.sofifa.org/players/4/19/190772.png,United States,€3.8M,Left,Sporting Kansas City
M. Boxall,29,https://cdn.sofifa.org/players/4/19/202170.png,New Zealand,€600K,Right,Minnesota United FC
M. Bradley,30,https://cdn.sofifa.org/players/4/19/155887.png,United States,€5.5M,Right,Toronto FC
M. Burch,34,https://cdn.sofifa.org/players/4/19/176075.png,United States,€150K,Left,Minnesota United FC
M. Chanot,28,https://cdn.sofifa.org/players/4/19/212607.png,Luxembourg,€2.2M,Right,New York City FC
M. Choinière,19,https://cdn.sofifa.org/players/4/19/244680.png,Canada,€450K,Right,Montreal Impact
M. Ciani,34,https://cdn.sofifa.org/players/4/19/137114.png,France,€325K,Right,LA Galaxy
M. de Jong,31,https://cdn.sofifa.org/players/4/19/164581.png,Canada,€425K,Left,Vancouver Whitecaps FC
M. de Leeuw,31,https://cdn.sofifa.org/players/4/19/204136.png,Netherlands,€675K,Right,Chicago Fire
M. Delgado,23,https://cdn.sofifa.org/players/4/19/208592.png,United States,€1.2M,Right,Toronto FC
M. Dube,25,https://cdn.sofifa.org/players/4/19/240872.png,South Africa,€550K,Right,Orlando Pirates
M. El-Munir,26,https://cdn.sofifa.org/players/4/19/217532.png,Libya,€1.8M,Left,Orlando City SC
M. Emnes,30,https://cdn.sofifa.org/players/4/19/176801.png,Netherlands,€875K,Right,Vancouver Whitecaps FC
M. Epps,23,https://cdn.sofifa.org/players/4/19/237266.png,United States,€500K,Right,Philadelphia Union
M. Eriksson,28,https://cdn.sofifa.org/players/4/19/208437.png,Sweden,€1.8M,Left,San Jose Earthquakes
M. Farfan,19,https://cdn.sofifa.org/players/4/19/236587.png,United States,€525K,Right,Portland Timbers
M. Figueroa,35,https://cdn.sofifa.org/players/4/19/175092.png,Honduras,€160K,Left,FC Dallas
M. Grella,31,https://cdn.sofifa.org/players/4/19/190619.png,United States,€575K,Right,Columbus Crew SC
M. Hairston,24,https://cdn.sofifa.org/players/4/19/221620.png,United States,€575K,Right,Colorado Rapids
M. Hedges,28,https://cdn.sofifa.org/players/4/19/206662.png,United States,€4.6M,Right,FC Dallas
M. Hernandez,26,https://cdn.sofifa.org/players/4/19/200670.png,Guatemala,€550K,Left,FC Dallas
M. Hildebrandt,29,https://cdn.sofifa.org/players/4/19/241831.png,United States,€425K,Right,Atlanta United
M. Ibarra,28,https://cdn.sofifa.org/players/4/19/225664.png,United States,€1.1M,Right,Minnesota United FC
M. Jadama,24,https://cdn.sofifa.org/players/4/19/226792.png,United States,€280K,Right,Portland Timbers
M. Kaye,23,https://cdn.sofifa.org/players/4/19/238922.png,Canada,€1.4M,Left,Los Angeles FC
M. Lampson,28,https://cdn.sofifa.org/players/4/19/207427.png,United States,€650K,Right,Minnesota United FC
M. Makola,32,https://cdn.sofifa.org/players/4/19/211260.png,South Africa,€2.4M,Right,Orlando Pirates
M. Mancienne,30,https://cdn.sofifa.org/players/4/19/171831.png,England,€1.3M,Right,New England Revolution
M. Mancosu,33,https://cdn.sofifa.org/players/4/19/215982.png,Italy,€280K,Right,Montreal Impact
M. Manotas,22,https://cdn.sofifa.org/players/4/19/222590.png,Colombia,€2.5M,Right,Houston Dynamo
M. Maphangule,26,https://cdn.sofifa.org/players/4/19/243853.png,South Africa,€375K,Right,Orlando Pirates
M. McKenzie,19,https://cdn.sofifa.org/players/4/19/242195.png,United States,€900K,Right,Philadelphia Union
M. Moralez,31,https://cdn.sofifa.org/players/4/19/183895.png,Argentina,€7M,Right,New York City FC
M. Munetsi,22,https://cdn.sofifa.org/players/4/19/235432.png,Zimbabwe,€550K,Right,Orlando Pirates
M. Murillo,22,https://cdn.sofifa.org/players/4/19/237841.png,Panama,€3.9M,Right,New York Red Bulls
M. Nelson,23,https://cdn.sofifa.org/players/4/19/243299.png,United States,€50K,Right,Houston Dynamo
M. Nyatama,30,https://cdn.sofifa.org/players/4/19/205858.png,South Africa,€2.2M,Right,Orlando Pirates
M. Parkhurst,34,https://cdn.sofifa.org/players/4/19/164839.png,United States,€550K,Right,Atlanta United
M. Petrasso,22,https://cdn.sofifa.org/players/4/19/212358.png,Canada,€270K,Right,Montreal Impact
M. Polster,25,https://cdn.sofifa.org/players/4/19/226793.png,United States,€850K,Right,Chicago Fire
M. Real,18,https://cdn.sofifa.org/players/4/19/242196.png,United States,€230K,Left,Philadelphia Union
M. Robinson,21,https://cdn.sofifa.org/players/4/19/237255.png,United States,€375K,Right,Atlanta United
M. Rodriguez,22,https://cdn.sofifa.org/players/4/19/226220.png,United States,€550K,Right,Houston Dynamo
M. Rzatkowski,28,https://cdn.sofifa.org/players/4/19/199353.png,Germany,€3.1M,Left,New York Red Bulls
M. Salazar,25,https://cdn.sofifa.org/players/4/19/232014.png,Belize,€250K,Right,Montreal Impact
M. Segbers,22,https://cdn.sofifa.org/players/4/19/242553.png,United States,€200K,Right,New England Revolution
M. Silva,29,https://cdn.sofifa.org/players/4/19/200395.png,Uruguay,€1.4M,Right,Real Salt Lake
M. Stajduhar,20,https://cdn.sofifa.org/players/4/19/231861.png,United States,€140K,Right,Orlando City SC
M. Steeves,23,https://cdn.sofifa.org/players/4/19/243296.png,United States,€220K,Right,Houston Dynamo
M. Toye,19,https://cdn.sofifa.org/players/4/19/242253.png,United States,€550K,Right,Minnesota United FC
M. Turner,24,https://cdn.sofifa.org/players/4/19/233267.png,United States,€1.2M,Right,New England Revolution
M. Ureña,28,https://cdn.sofifa.org/players/4/19/202896.png,Costa Rica,€925K,Right,Los Angeles FC
M. Urruti,27,https://cdn.sofifa.org/players/4/19/215083.png,Argentina,€4.7M,Right,FC Dallas
M. Valenzuela,19,https://cdn.sofifa.org/players/4/19/232708.png,Argentina,€3.2M,Left,Columbus Crew SC
Marquinhos Pedroso,24,https://cdn.sofifa.org/players/4/19/209722.png,Brazil,€1M,Left,FC Dallas
Maximiano,23,https://cdn.sofifa.org/players/4/19/237529.png,Brazil,€475K,Right,Minnesota United FC
N. Besler,25,https://cdn.sofifa.org/players/4/19/226785.png,United States,€600K,Right,Real Salt Lake
N. DeLeon,27,https://cdn.sofifa.org/players/4/19/206635.png,United States,€450K,Right,DC United
N. Hagglund,25,https://cdn.sofifa.org/players/4/19/221680.png,United States,€825K,Right,Toronto FC
N. Hansen,23,https://cdn.sofifa.org/players/4/19/237217.png,Denmark,€850K,Right,Columbus Crew SC
N. Hasler,27,https://cdn.sofifa.org/players/4/19/206249.png,Liechtenstein,€675K,Right,Chicago Fire
N. Jackson,22,https://cdn.sofifa.org/players/4/19/242766.png,United States,€400K,Right,Colorado Rapids
N. Lima,23,https://cdn.sofifa.org/players/4/19/236993.png,United States,€1.2M,Right,San Jose Earthquakes
N. Lodeiro,29,https://cdn.sofifa.org/players/4/19/197225.png,Uruguay,€10M,Left,Seattle Sounders FC
N. Mezquida,26,https://cdn.sofifa.org/players/4/19/202866.png,Uruguay,€650K,Right,Vancouver Whitecaps FC
N. Nikolić,30,https://cdn.sofifa.org/players/4/19/201549.png,Hungary,€6.5M,Right,Chicago Fire
N. Nyauza,28,https://cdn.sofifa.org/players/4/19/221599.png,South Africa,€425K,Right,Orlando Pirates
N. Onuoha,31,https://cdn.sofifa.org/players/4/19/164462.png,England,€700K,Right,Real Salt Lake
N. Rimando,39,https://cdn.sofifa.org/players/4/19/16097.png,United States,€160K,Right,Real Salt Lake
N. Samayoa,22,https://cdn.sofifa.org/players/4/19/242555.png,Guatemala,€170K,Right,New England Revolution
Nicolas Firmino,17,https://cdn.sofifa.org/players/4/19/246447.png,Brazil,€60K,Right,New England Revolution
Nouhou,21,https://cdn.sofifa.org/players/4/19/237469.png,Cameroon,€1.2M,Left,Seattle Sounders FC
O. Alonso,32,https://cdn.sofifa.org/players/4/19/190971.png,Cuba,€4.4M,Right,Seattle Sounders FC
O. Fisher,26,https://cdn.sofifa.org/players/4/19/228216.png,Jamaica,€450K,Right,DC United
O. Kamara,28,https://cdn.sofifa.org/players/4/19/179551.png,Norway,€7M,Right,LA Galaxy
O. Mbaizo,20,https://cdn.sofifa.org/players/4/19/243235.png,Cameroon,€160K,Right,Philadelphia Union
O. Shannon,22,https://cdn.sofifa.org/players/4/19/242728.png,England,€160K,Right,Atlanta United
Oriol Rosell,25,https://cdn.sofifa.org/players/4/19/204677.png,Spain,€1.1M,Right,Orlando City SC
P. Aránguiz,21,https://cdn.sofifa.org/players/4/19/226584.png,Chile,€4.8M,Right,FC Dallas
P. Arriola,23,https://cdn.sofifa.org/players/4/19/217714.png,United States,€4.2M,Right,DC United
P. Da Silva,19,https://cdn.sofifa.org/players/4/19/237396.png,United States,€550K,Left,Orlando City SC
P. Kitchen,26,https://cdn.sofifa.org/players/4/19/202164.png,United States,€1.1M,Right,LA Galaxy
P. Mako,24,https://cdn.sofifa.org/players/4/19/243857.png,South Africa,€400K,Left,Orlando Pirates
P. Marie,23,https://cdn.sofifa.org/players/4/19/243126.png,France,€140K,Right,San Jose Earthquakes
P. McLain,29,https://cdn.sofifa.org/players/4/19/208531.png,United States,€140K,Right,Chicago Fire
P. Mullins,26,https://cdn.sofifa.org/players/4/19/221625.png,United States,€925K,Left,Columbus Crew SC
P. Pomykal,18,https://cdn.sofifa.org/players/4/19/238049.png,United States,€750K,Left,FC Dallas
P. Ruiz,19,https://cdn.sofifa.org/players/4/19/240448.png,Argentina,€450K,Left,Real Salt Lake
P. Senderos,33,https://cdn.sofifa.org/players/4/19/49966.png,Switzerland,€300K,Right,Houston Dynamo
PC,24,https://cdn.sofifa.org/players/4/19/220575.png,Brazil,€425K,Left,Orlando City SC
Pedro Santos,30,https://cdn.sofifa.org/players/4/19/211119.png,Portugal,€5.5M,Left,Columbus Crew SC
Q. Amarikwa,30,https://cdn.sofifa.org/players/4/19/190937.png,United States,€525K,Right,Montreal Impact
Q. Roberts,23,https://cdn.sofifa.org/players/4/19/210119.png,Canada,€130K,Right,Los Angeles FC
R. Alessandrini,29,https://cdn.sofifa.org/players/4/19/184575.png,France,€10M,Left,LA Galaxy
R. Allen,28,https://cdn.sofifa.org/players/4/19/228656.png,United States,€350K,Right,Orlando City SC
R. Camacho,27,https://cdn.sofifa.org/players/4/19/206485.png,France,€750K,Right,Montreal Impact
R. Cannon,20,https://cdn.sofifa.org/players/4/19/237000.png,United States,€1.4M,Right,FC Dallas
R. Canouse,23,https://cdn.sofifa.org/players/4/19/233314.png,United States,€3.9M,Right,DC United
R. Clark,35,https://cdn.sofifa.org/players/4/19/137267.png,United States,€150K,Right,Columbus Crew SC
R. Domínguez,21,https://cdn.sofifa.org/players/4/19/245562.png,El Salvador,€575K,Right,Vancouver Whitecaps FC
R. Edwards,22,https://cdn.sofifa.org/players/4/19/234927.png,Canada,€675K,Left,Chicago Fire
R. Espinoza,31,https://cdn.sofifa.org/players/4/19/186674.png,Honduras,€2.7M,Left,Sporting Kansas City
R. Fanni,36,https://cdn.sofifa.org/players/4/19/116308.png,France,€750K,Right,Montreal Impact
R. Feltscher,27,https://cdn.sofifa.org/players/4/19/183819.png,Venezuela,€625K,Right,LA Galaxy
R. Gaddis,28,https://cdn.sofifa.org/players/4/19/207783.png,United States,€500K,Right,Philadelphia Union
R. Hollingshead,27,https://cdn.sofifa.org/players/4/19/221488.png,United States,€600K,Right,FC Dallas
R. Ibarra,23,https://cdn.sofifa.org/players/4/19/241498.png,Ecuador,€1.4M,Right,Minnesota United FC
R. Lamah,30,https://cdn.sofifa.org/players/4/19/163187.png,Belgium,€2.9M,Left,FC Dallas
R. Laryea,23,https://cdn.sofifa.org/players/4/19/232081.png,Canada,€140K,Right,Orlando City SC
R. Lopez-Espin,22,https://cdn.sofifa.org/players/4/19/243301.png,United States,€140K,Right,Real Salt Lake
R. Marquez,26,https://cdn.sofifa.org/players/4/19/222246.png,United States,€450K,Right,Philadelphia Union
R. Matarrita,23,https://cdn.sofifa.org/players/4/19/232230.png,Costa Rica,€2.8M,Left,New York City FC
R. Meara,27,https://cdn.sofifa.org/players/4/19/207610.png,Republic of Ireland,€625K,Right,New York Red Bulls
R. Miller,33,https://cdn.sofifa.org/players/4/19/171682.png,Costa Rica,€260K,Left,Portland Timbers
R. Peña,21,https://cdn.sofifa.org/players/4/19/236447.png,Venezuela,€1.3M,Right,Houston Dynamo
R. Quioto,26,https://cdn.sofifa.org/players/4/19/210321.png,Honduras,€3.3M,Right,Houston Dynamo
R. Ruidíaz,27,https://cdn.sofifa.org/players/4/19/204538.png,Peru,€8M,Right,Seattle Sounders FC
R. Sánchez,24,https://cdn.sofifa.org/players/4/19/202786.png,Mexico,€375K,Right,Chicago Fire
R. Schüller,27,https://cdn.sofifa.org/players/4/19/213763.png,Finland,€2M,Left,Minnesota United FC
R. Teibert,25,https://cdn.sofifa.org/players/4/19/201869.png,Canada,€700K,Left,Vancouver Whitecaps FC
R. Telfer,24,https://cdn.sofifa.org/players/4/19/243214.png,Canada,€280K,Left,Toronto FC
R. Torres,32,https://cdn.sofifa.org/players/4/19/214506.png,Panama,€1.4M,Right,Seattle Sounders FC
R. Wallace,30,https://cdn.sofifa.org/players/4/19/190588.png,Costa Rica,€500K,Left,New York City FC
R. Williams,23,https://cdn.sofifa.org/players/4/19/226782.png,Jamaica,€650K,Right,Atlanta United
R. Ziegler,32,https://cdn.sofifa.org/players/4/19/108061.png,Switzerland,€1M,Left,FC Dallas
S. Armenteros,28,https://cdn.sofifa.org/players/4/19/189723.png,Sweden,€4.1M,Left,Portland Timbers
S. Barry,28,https://cdn.sofifa.org/players/4/19/229300.png,United States,€425K,Right,Real Salt Lake
S. Beitashour,31,https://cdn.sofifa.org/players/4/19/198288.png,Iran,€700K,Right,Los Angeles FC
S. Birnbaum,27,https://cdn.sofifa.org/players/4/19/221621.png,United States,€1.5M,Right,DC United
S. Blanco,30,https://cdn.sofifa.org/players/4/19/190577.png,Argentina,€7.5M,Right,Portland Timbers
S. Caldwell,27,https://cdn.sofifa.org/players/4/19/212540.png,United States,€850K,Right,New England Revolution
S. Carrasco,29,https://cdn.sofifa.org/players/4/19/202243.png,United States,€500K,Right,LA Galaxy
S. Clark,32,https://cdn.sofifa.org/players/4/19/198355.png,United States,€300K,Right,Portland Timbers
S. Cleveland,24,https://cdn.sofifa.org/players/4/19/237250.png,United States,€300K,Left,Chicago Fire
S. Cronin,31,https://cdn.sofifa.org/players/4/19/190554.png,United States,€525K,Right,Minnesota United FC
S. Davis,25,https://cdn.sofifa.org/players/4/19/226273.png,United States,€3.1M,Right,New York Red Bulls
S. Franklin,33,https://cdn.sofifa.org/players/4/19/186645.png,United States,€250K,Right,Vancouver Whitecaps FC
S. Frei,32,https://cdn.sofifa.org/players/4/19/190569.png,United States,€1.8M,Right,Seattle Sounders FC
S. Gashi,29,https://cdn.sofifa.org/players/4/19/177673.png,Albania,€2.4M,Left,Colorado Rapids
S. Giovinco,31,https://cdn.sofifa.org/players/4/19/184431.png,Italy,€20M,Right,Toronto FC
S. Ibeagha,26,https://cdn.sofifa.org/players/4/19/232332.png,Nigeria,€600K,Right,New York City FC
S. Johnson,29,https://cdn.sofifa.org/players/4/19/190780.png,United States,€1.4M,Right,New York City FC
S. Kljestan,32,https://cdn.sofifa.org/players/4/19/176062.png,United States,€4.4M,Right,Orlando City SC
S. Lletget,25,https://cdn.sofifa.org/players/4/19/201447.png,United States,€3.8M,Right,LA Galaxy
S. Marinović,26,https://cdn.sofifa.org/players/4/19/231056.png,New Zealand,€800K,Right,Vancouver Whitecaps FC
S. Melvin,23,https://cdn.sofifa.org/players/4/19/243198.png,Canada,€50K,Right,Vancouver Whitecaps FC
S. Mosquera,23,https://cdn.sofifa.org/players/4/19/232278.png,Colombia,€4.6M,Right,FC Dallas
S. Mpontshane,32,https://cdn.sofifa.org/players/4/19/225983.png,South Africa,€375K,Left,Orlando Pirates
S. Nicholson,23,https://cdn.sofifa.org/players/4/19/219684.png,Scotland,€1.3M,Left,Colorado Rapids
S. O'Neill,24,https://cdn.sofifa.org/players/4/19/211581.png,United States,€625K,Right,Orlando City SC
S. Piette,23,https://cdn.sofifa.org/players/4/19/213092.png,Canada,€2.7M,Right,Montreal Impact
S. Salinas,32,https://cdn.sofifa.org/players/4/19/186715.png,United States,€250K,Right,San Jose Earthquakes
S. Saucedo,21,https://cdn.sofifa.org/players/4/19/226580.png,United States,€725K,Right,Real Salt Lake
S. Shome,20,https://cdn.sofifa.org/players/4/19/237279.png,Canada,€190K,Right,Montreal Impact
S. Sinovic,31,https://cdn.sofifa.org/players/4/19/198257.png,United States,€425K,Left,Sporting Kansas City
S. Sutter,32,https://cdn.sofifa.org/players/4/19/176575.png,Switzerland,€425K,Right,Orlando City SC
S. Taïder,26,https://cdn.sofifa.org/players/4/19/198760.png,Algeria,€8M,Right,Montreal Impact
S. Williams,28,https://cdn.sofifa.org/players/4/19/190585.png,United States,€500K,Right,LA Galaxy
S. Zizzo,31,https://cdn.sofifa.org/players/4/19/184065.png,United States,€200K,Right,Atlanta United
Stéfano Pinho,27,https://cdn.sofifa.org/players/4/19/207942.png,Brazil,€750K,Right,Orlando City SC
Sunny,29,https://cdn.sofifa.org/players/4/19/174382.png,Nigeria,€700K,Right,Real Salt Lake
T. Adams,19,https://cdn.sofifa.org/players/4/19/232999.png,United States,€4.8M,Right,New York Red Bulls
T. Akindele,26,https://cdn.sofifa.org/players/4/19/221657.png,Canada,€775K,Right,FC Dallas
T. Alfaro,25,https://cdn.sofifa.org/players/4/19/232017.png,Mexico,€500K,Left,Seattle Sounders FC
T. Beltran,30,https://cdn.sofifa.org/players/4/19/186529.png,United States,€475K,Right,Real Salt Lake
T. Blackmon,21,https://cdn.sofifa.org/players/4/19/242596.png,United States,€140K,Right,Los Angeles FC
T. Bunbury,28,https://cdn.sofifa.org/players/4/19/197716.png,United States,€1.8M,Right,New England Revolution
T. Conechny,20,https://cdn.sofifa.org/players/4/19/236507.png,Argentina,€825K,Left,Portland Timbers
T. Deric,29,https://cdn.sofifa.org/players/4/19/193578.png,United States,€700K,Right,Houston Dynamo
T. Gabuza,30,https://cdn.sofifa.org/players/4/19/211439.png,South Africa,€625K,Right,Orlando Pirates
T. Hilliard-Arce,22,https://cdn.sofifa.org/players/4/19/242631.png,United States,€550K,Right,LA Galaxy
T. Howard,39,https://cdn.sofifa.org/players/4/19/16254.png,United States,€210K,Right,Colorado Rapids
T. Kemp,27,https://cdn.sofifa.org/players/4/19/212709.png,United States,€450K,Left,DC United
T. Lorch,24,https://cdn.sofifa.org/players/4/19/229128.png,South Africa,€950K,Right,Orlando Pirates
T. Martínez,23,https://cdn.sofifa.org/players/4/19/212747.png,Argentina,€2.7M,Left,Houston Dynamo
T. Matlaba,30,https://cdn.sofifa.org/players/4/19/207785.png,South Africa,€2.9M,Right,Orlando Pirates
T. McNamara,27,https://cdn.sofifa.org/players/4/19/221696.png,United States,€675K,Right,New York City FC
T. Melia,32,https://cdn.sofifa.org/players/4/19/200463.png,United States,€3.2M,Right,Sporting Kansas City
T. Miller,25,https://cdn.sofifa.org/players/4/19/231878.png,United States,€750K,Right,Los Angeles FC
T. Parker,25,https://cdn.sofifa.org/players/4/19/226803.png,United States,€4.5M,Right,New York Red Bulls
T. Peay,26,https://cdn.sofifa.org/players/4/19/221716.png,United States,€375K,Right,Real Salt Lake
T. Redding,21,https://cdn.sofifa.org/players/4/19/222338.png,United States,€525K,Right,New York Red Bulls
T. Ricketts,30,https://cdn.sofifa.org/players/4/19/190720.png,Canada,€425K,Right,Toronto FC
T. Roberts,17,https://cdn.sofifa.org/players/4/19/245033.png,United States,€180K,Left,FC Dallas
T. Rocha,24,https://cdn.sofifa.org/players/4/19/235607.png,United States,€350K,Right,Orlando City SC
T. Smith,28,https://cdn.sofifa.org/players/4/19/186352.png,New Zealand,€850K,Left,Colorado Rapids
T. Thompson,22,https://cdn.sofifa.org/players/4/19/221709.png,United States,€850K,Right,San Jose Earthquakes
T. Worra,25,https://cdn.sofifa.org/players/4/19/227926.png,United States,€325K,Left,DC United
U. Segura,25,https://cdn.sofifa.org/players/4/19/241743.png,Costa Rica,€950K,Right,DC United
V. Andriuškevičius,27,https://cdn.sofifa.org/players/4/19/200499.png,Lithuania,€525K,Left,DC United
V. Arboleda,21,https://cdn.sofifa.org/players/4/19/227815.png,Colombia,€375K,Right,Portland Timbers
V. Bezecourt,25,https://cdn.sofifa.org/players/4/19/240647.png,France,€500K,Left,New York Red Bulls
V. Cabrera,25,https://cdn.sofifa.org/players/4/19/221619.png,Argentina,€950K,Right,Montreal Impact
V. Castellanos,19,https://cdn.sofifa.org/players/4/19/237712.png,Argentina,€800K,Right,New York City FC
V. Pule,26,https://cdn.sofifa.org/players/4/19/243851.png,South Africa,€750K,Left,Orlando Pirates
V. Qazaishvili,25,https://cdn.sofifa.org/players/4/19/205401.png,Georgia,€4.9M,Right,San Jose Earthquakes
V. Ulloa,26,https://cdn.sofifa.org/players/4/19/200671.png,Mexico,€1.7M,Right,FC Dallas
Víctor Rodríguez,28,https://cdn.sofifa.org/players/4/19/211017.png,Spain,€4M,Right,Seattle Sounders FC
Víctor Vázquez,31,https://cdn.sofifa.org/players/4/19/189508.png,Spain,€6.5M,Right,Toronto FC
W. Bruin,28,https://cdn.sofifa.org/players/4/19/202077.png,United States,€1.1M,Right,Seattle Sounders FC
W. Creavalle,27,https://cdn.sofifa.org/players/4/19/207619.png,Guyana,€500K,Right,Philadelphia Union
W. Francis,27,https://cdn.sofifa.org/players/4/19/221050.png,Costa Rica,€625K,Left,Seattle Sounders FC
W. Johnson,31,https://cdn.sofifa.org/players/4/19/164568.png,Canada,€700K,Right,Orlando City SC
W. Kuzain,19,https://cdn.sofifa.org/players/4/19/243305.png,United States,€400K,Left,Sporting Kansas City
W. Omsberg,22,https://cdn.sofifa.org/players/4/19/242734.png,United States,€425K,Right,Minnesota United FC
W. Rooney,32,https://cdn.sofifa.org/players/4/19/54050.png,England,€12M,Right,DC United
W. Sandilands,34,https://cdn.sofifa.org/players/4/19/182270.png,South Africa,€425K,Right,Orlando Pirates
W. Trapp,25,https://cdn.sofifa.org/players/4/19/212424.png,United States,€4.3M,Right,Columbus Crew SC
W. Zahibo,24,https://cdn.sofifa.org/players/4/19/206207.png,France,€2M,Right,New England Revolution
W. Zimmerman,25,https://cdn.sofifa.org/players/4/19/212591.png,United States,€3.4M,Right,Los Angeles FC
X. Mlambo,27,https://cdn.sofifa.org/players/4/19/242327.png,South Africa,€850K,Right,Orlando Pirates
Y. Asad,23,https://cdn.sofifa.org/players/4/19/222644.png,Argentina,€5.5M,Right,DC United
Y. Boli,30,https://cdn.sofifa.org/players/4/19/186723.png,Ivory Coast,€725K,Right,Colorado Rapids
Y. Croizet,26,https://cdn.sofifa.org/players/4/19/205518.png,France,€1M,Left,Sporting Kansas City
Y. Herrera,20,https://cdn.sofifa.org/players/4/19/234060.png,Venezuela,€1.3M,Right,New York City FC
Y. Movsisyan,30,https://cdn.sofifa.org/players/4/19/176270.png,Armenia,€1M,Right,Chicago Fire
Y. Quintana,22,https://cdn.sofifa.org/players/4/19/242185.png,Uruguay,€675K,Right,San Jose Earthquakes
Y. Reyna,24,https://cdn.sofifa.org/players/4/19/214000.png,Peru,€2.4M,Right,Vancouver Whitecaps FC
Y. Yotún,28,https://cdn.sofifa.org/players/4/19/204542.png,Peru,€4M,Left,Orlando City SC
Z. Diallo,31,https://cdn.sofifa.org/players/4/19/200067.png,France,€600K,Right,Montreal Impact
Z. Herivaux,22,https://cdn.sofifa.org/players/4/19/228657.png,Haiti,€210K,Right,New England Revolution
Z. Ibrahimović,36,https://cdn.sofifa.org/players/4/19/41236.png,Sweden,€14M,Right,LA Galaxy
Z. MacMath,26,https://cdn.sofifa.org/players/4/19/201940.png,United States,€625K,Right,Colorado Rapids
Z. Steffen,23,https://cdn.sofifa.org/players/4/19/234777.png,United States,€8M,Right,Columbus Crew SC
Z. Stieber,29,https://cdn.sofifa.org/players/4/19/179712.png,Hungary,€2.3M,Left,DC United
Z. Valentin,26,https://cdn.sofifa.org/players/4/19/202076.png,United States,€725K,Right,Portland Timbers